iter	Logloss
0	0.6338327137
1	0.61701699
2	0.6059201105
3	0.5954095792
4	0.5846420898
