iter	Logloss
0	0.5567642308
1	0.5126344555
2	0.4957641855
3	0.4813526689
4	0.4696581994
5	0.4611250135
