iter	Logloss
0	0.2887635159
1	0.1931098913
2	0.1334546852
3	0.1042955888
4	0.07595198169
5	0.05419644837
